,index,date,recall
0,0,2020-01-01 00:00:00,17.5261053319564
1,1,2020-01-02 00:00:00,35.465436707097034
2,2,2020-01-03 00:00:00,97.97027383354657
3,3,2020-01-04 00:00:00,2.6875682750072647
4,4,2020-01-05 00:00:00,96.28272435614151
5,5,2020-01-06 00:00:00,21.893449247069334
6,6,2020-01-07 00:00:00,99.97300513440726
7,7,2020-01-08 00:00:00,5.756458612704107
8,8,2020-01-09 00:00:00,64.1423091183988
9,9,2020-01-10 00:00:00,54.44876292412277
10,10,2020-01-11 00:00:00,6.906440551015633
11,11,2020-01-12 00:00:00,84.66502210683572
12,12,2020-01-13 00:00:00,60.629491857396786
13,13,2020-01-14 00:00:00,97.49451017479502
14,14,2020-01-15 00:00:00,63.090686108845176
15,15,2020-01-16 00:00:00,40.14113577377741
16,16,2020-01-17 00:00:00,22.24833586730995
17,17,2020-01-18 00:00:00,5.798220766214987
18,18,2020-01-19 00:00:00,46.958505922309286
19,19,2020-01-20 00:00:00,75.79114560751276
20,20,2020-01-21 00:00:00,54.99537572694802
21,21,2020-01-22 00:00:00,57.22448788078382
22,22,2020-01-23 00:00:00,94.81613971240127
23,23,2020-01-24 00:00:00,71.38061103829293
24,24,2020-01-25 00:00:00,95.51771261284428
25,25,2020-01-26 00:00:00,46.910349088018826
26,26,2020-01-27 00:00:00,53.2758226931964
27,27,2020-01-28 00:00:00,44.21938419822413
28,28,2020-01-29 00:00:00,8.026208954604572
29,29,2020-01-30 00:00:00,70.18191417093627
30,30,2020-01-31 00:00:00,80.68619276191112
31,31,2020-02-01 00:00:00,13.226168837833475
32,32,2020-02-02 00:00:00,18.18403501778038
33,33,2020-02-03 00:00:00,58.916896273149725
34,34,2020-02-04 00:00:00,69.22785395037266
35,35,2020-02-05 00:00:00,24.912129676620236
36,36,2020-02-06 00:00:00,38.48616987232768
37,37,2020-02-07 00:00:00,22.504075074307345
38,38,2020-02-08 00:00:00,94.51512042284851
39,39,2020-02-09 00:00:00,37.38867811980051
40,40,2020-02-10 00:00:00,16.388894436387666
41,41,2020-02-11 00:00:00,22.02507931961894
42,42,2020-02-12 00:00:00,70.64984097570378
43,43,2020-02-13 00:00:00,12.633737421936805
44,44,2020-02-14 00:00:00,17.956666942866068
45,45,2020-02-15 00:00:00,5.033696891044114
46,46,2020-02-16 00:00:00,73.50399624256684
47,47,2020-02-17 00:00:00,45.103627947253415
48,48,2020-02-18 00:00:00,10.46177664492901
49,49,2020-02-19 00:00:00,38.73625145947553
50,50,2020-02-20 00:00:00,20.526776320136673
51,51,2020-02-21 00:00:00,32.446203384383765
52,52,2020-02-22 00:00:00,93.74527689514531
53,53,2020-02-23 00:00:00,92.48714571493767
54,54,2020-02-24 00:00:00,10.94993926218065
55,55,2020-02-25 00:00:00,98.96830243101026
56,56,2020-02-26 00:00:00,55.2618788256424
57,57,2020-02-27 00:00:00,25.637932489194526
58,58,2020-02-28 00:00:00,53.702515328230895
59,59,2020-02-29 00:00:00,73.97376556982641
60,60,2020-03-01 00:00:00,93.16940360350141
61,61,2020-03-02 00:00:00,45.85417508908674
62,62,2020-03-03 00:00:00,67.46860430069162
63,63,2020-03-04 00:00:00,60.2176202396243
64,64,2020-03-05 00:00:00,4.337916504986243
65,65,2020-03-06 00:00:00,99.4478845748431
66,66,2020-03-07 00:00:00,34.258856301040595
67,67,2020-03-08 00:00:00,66.13819240280333
68,68,2020-03-09 00:00:00,90.92080955318634
69,69,2020-03-10 00:00:00,46.37165313980331
70,70,2020-03-11 00:00:00,42.344058183868064
71,71,2020-03-12 00:00:00,52.79671259753117
72,72,2020-03-13 00:00:00,97.24979365740921
73,73,2020-03-14 00:00:00,89.1137090437947
74,74,2020-03-15 00:00:00,88.78540729485634
75,75,2020-03-16 00:00:00,34.9435391234371
76,76,2020-03-17 00:00:00,36.92581331144323
77,77,2020-03-18 00:00:00,68.85704181647303
78,78,2020-03-19 00:00:00,8.221733054347775
79,79,2020-03-20 00:00:00,77.1127313223446
80,80,2020-03-21 00:00:00,38.457982545417465
81,81,2020-03-22 00:00:00,77.81101509746448
82,82,2020-03-23 00:00:00,60.878276810678706
83,83,2020-03-24 00:00:00,56.98396802101487
84,84,2020-03-25 00:00:00,24.456686400337954
85,85,2020-03-26 00:00:00,76.76541618393719
86,86,2020-03-27 00:00:00,87.78772466774018
87,87,2020-03-28 00:00:00,21.530295541788753
88,88,2020-03-29 00:00:00,45.83796470553161
89,89,2020-03-30 00:00:00,92.38798927890934
90,90,2020-03-31 00:00:00,84.6759683515564
91,91,2020-04-01 00:00:00,7.049168428651803
92,92,2020-04-02 00:00:00,26.0166793436932
93,93,2020-04-03 00:00:00,17.452175281830243
94,94,2020-04-04 00:00:00,79.7575087927479
95,95,2020-04-05 00:00:00,42.00344635998197
96,96,2020-04-06 00:00:00,16.053854204982336
97,97,2020-04-07 00:00:00,54.8471871344089
98,98,2020-04-08 00:00:00,80.12822687662155
99,99,2020-04-09 00:00:00,84.33560878256357
100,100,2020-04-10 00:00:00,19.592408185398536
101,101,2020-04-11 00:00:00,91.70220243020687
102,102,2020-04-12 00:00:00,99.88038429534686
103,103,2020-04-13 00:00:00,3.7489151547718884
104,104,2020-04-14 00:00:00,26.87271501225342
105,105,2020-04-15 00:00:00,17.62674290310814
106,106,2020-04-16 00:00:00,60.47250150594225
107,107,2020-04-17 00:00:00,19.037136801271835
108,108,2020-04-18 00:00:00,25.743951205195607
109,109,2020-04-19 00:00:00,4.036415270282301
110,110,2020-04-20 00:00:00,25.163201544359556
111,111,2020-04-21 00:00:00,24.30539619366485
112,112,2020-04-22 00:00:00,47.9222943162027
113,113,2020-04-23 00:00:00,97.84779478973707
114,114,2020-04-24 00:00:00,42.80293348673306
115,115,2020-04-25 00:00:00,98.58423179998195
116,116,2020-04-26 00:00:00,78.37458226386829
117,117,2020-04-27 00:00:00,99.11904109299212
118,118,2020-04-28 00:00:00,58.10779654202207
119,119,2020-04-29 00:00:00,51.522351146848166
120,120,2020-04-30 00:00:00,53.32561455745944
121,121,2020-05-01 00:00:00,66.28686609193882
122,122,2020-05-02 00:00:00,52.367940234223504
123,123,2020-05-03 00:00:00,7.5394798338934566
124,124,2020-05-04 00:00:00,14.031083810641945
125,125,2020-05-05 00:00:00,73.81965998494229
126,126,2020-05-06 00:00:00,85.99140434738187
127,127,2020-05-07 00:00:00,68.0379025165263
128,128,2020-05-08 00:00:00,43.543557995729415
129,129,2020-05-09 00:00:00,53.08071746463953
130,130,2020-05-10 00:00:00,83.72568618898954
131,131,2020-05-11 00:00:00,85.99238217325983
132,132,2020-05-12 00:00:00,66.63917089947113
133,133,2020-05-13 00:00:00,50.00637379174069
134,134,2020-05-14 00:00:00,67.42226590500394
135,135,2020-05-15 00:00:00,7.888102405179755
136,136,2020-05-16 00:00:00,12.148079839786202
137,137,2020-05-17 00:00:00,85.97914885591115
138,138,2020-05-18 00:00:00,30.425744478356307
139,139,2020-05-19 00:00:00,24.566594852323604
140,140,2020-05-20 00:00:00,97.6314534346606
141,141,2020-05-21 00:00:00,1.7983131412168936
142,142,2020-05-22 00:00:00,31.563790782474495
143,143,2020-05-23 00:00:00,46.27944983008494
144,144,2020-05-24 00:00:00,59.962272628743925
145,145,2020-05-25 00:00:00,34.70153279798606
146,146,2020-05-26 00:00:00,84.05869195248214
147,147,2020-05-27 00:00:00,72.29339010159795
148,148,2020-05-28 00:00:00,94.78882101078369
149,149,2020-05-29 00:00:00,90.78256875004168
150,150,2020-05-30 00:00:00,73.17665515234702
151,151,2020-05-31 00:00:00,67.77610838211504
152,152,2020-06-01 00:00:00,84.33335044171216
153,153,2020-06-02 00:00:00,87.92116543976239
154,154,2020-06-03 00:00:00,55.85479955809548
155,155,2020-06-04 00:00:00,19.321402407209952
156,156,2020-06-05 00:00:00,18.516783387255405
157,157,2020-06-06 00:00:00,16.114618907165024
158,158,2020-06-07 00:00:00,97.0861669882458
159,159,2020-06-08 00:00:00,33.409691991129094
160,160,2020-06-09 00:00:00,80.15428825619169
161,161,2020-06-10 00:00:00,4.219638327849868
162,162,2020-06-11 00:00:00,68.07777730464238
163,163,2020-06-12 00:00:00,54.39152822795524
164,164,2020-06-13 00:00:00,9.91074279146403
165,165,2020-06-14 00:00:00,77.53129546978946
166,166,2020-06-15 00:00:00,19.1681784394815
167,167,2020-06-16 00:00:00,17.7793199342893
168,168,2020-06-17 00:00:00,95.59009610554982
169,169,2020-06-18 00:00:00,19.963628052643298
170,170,2020-06-19 00:00:00,49.52036156771372
171,171,2020-06-20 00:00:00,72.78150603888534
172,172,2020-06-21 00:00:00,89.71665259528788
173,173,2020-06-22 00:00:00,49.09431876413433
174,174,2020-06-23 00:00:00,90.87699841500192
175,175,2020-06-24 00:00:00,43.586585323833596
176,176,2020-06-25 00:00:00,19.64342279141372
177,177,2020-06-26 00:00:00,3.457029865186115
178,178,2020-06-27 00:00:00,6.70977260235119
179,179,2020-06-28 00:00:00,45.69630898630756
180,180,2020-06-29 00:00:00,73.61436656477133
181,181,2020-06-30 00:00:00,12.434541492967147
182,182,2020-07-01 00:00:00,93.24145195697022
183,183,2020-07-02 00:00:00,50.66117652844073
184,184,2020-07-03 00:00:00,45.9416486103955
185,185,2020-07-04 00:00:00,74.70061769225018
186,186,2020-07-05 00:00:00,37.540287478910315
187,187,2020-07-06 00:00:00,30.673364382885257
188,188,2020-07-07 00:00:00,50.07856280105102
189,189,2020-07-08 00:00:00,30.04211580710061
190,190,2020-07-09 00:00:00,24.7486167841221
191,191,2020-07-10 00:00:00,96.59403107424882
192,192,2020-07-11 00:00:00,13.151153329775461
193,193,2020-07-12 00:00:00,55.08305789903557
194,194,2020-07-13 00:00:00,55.93359511896218
195,195,2020-07-14 00:00:00,40.2737286820459
196,196,2020-07-15 00:00:00,70.78401127831695
197,197,2020-07-16 00:00:00,35.09614233827014
198,198,2020-07-17 00:00:00,80.91843588287453
199,199,2020-07-18 00:00:00,7.226364698059914
200,200,2020-07-19 00:00:00,32.33177336657064
201,201,2020-07-20 00:00:00,87.4221936735096
202,202,2020-07-21 00:00:00,80.98387632230161
203,203,2020-07-22 00:00:00,7.48300199863524
204,204,2020-07-23 00:00:00,45.41757646342447
205,205,2020-07-24 00:00:00,73.59930518449995
206,206,2020-07-25 00:00:00,37.708689414803814
207,207,2020-07-26 00:00:00,35.00913005023088
208,208,2020-07-27 00:00:00,20.02942935248094
209,209,2020-07-28 00:00:00,87.90110094661047
210,210,2020-07-29 00:00:00,3.1739382154634246
211,211,2020-07-30 00:00:00,84.90802001568099
212,212,2020-07-31 00:00:00,50.78755590391988
213,213,2020-08-01 00:00:00,19.060788335834626
214,214,2020-08-02 00:00:00,21.384700173891027
215,215,2020-08-03 00:00:00,13.788823057948623
216,216,2020-08-04 00:00:00,4.926488765841589
217,217,2020-08-05 00:00:00,40.12288677683146
218,218,2020-08-06 00:00:00,60.37224803896831
219,219,2020-08-07 00:00:00,68.31491617283032
220,220,2020-08-08 00:00:00,91.91380164697554
221,221,2020-08-09 00:00:00,46.43987949229777
222,222,2020-08-10 00:00:00,26.64602501528633
223,223,2020-08-11 00:00:00,61.305118798407385
224,224,2020-08-12 00:00:00,48.65957344722634
225,225,2020-08-13 00:00:00,73.80412444790696
226,226,2020-08-14 00:00:00,97.42294976691653
227,227,2020-08-15 00:00:00,70.26051410310117
228,228,2020-08-16 00:00:00,57.2895018711913
229,229,2020-08-17 00:00:00,54.66872961315492
230,230,2020-08-18 00:00:00,84.41232790372811
231,231,2020-08-19 00:00:00,51.76318632283315
232,232,2020-08-20 00:00:00,2.068799617206078
233,233,2020-08-21 00:00:00,38.13236064265367
234,234,2020-08-22 00:00:00,98.144110689123
235,235,2020-08-23 00:00:00,37.2746320486748
236,236,2020-08-24 00:00:00,13.776834482861284
237,237,2020-08-25 00:00:00,34.51665094458453
238,238,2020-08-26 00:00:00,11.020017827064413
239,239,2020-08-27 00:00:00,2.300938530081947
240,240,2020-08-28 00:00:00,88.62125391607472
241,241,2020-08-29 00:00:00,32.319561337257014
242,242,2020-08-30 00:00:00,60.618897231136806
243,243,2020-08-31 00:00:00,77.15892533945943
244,244,2020-09-01 00:00:00,40.454716612320134
245,245,2020-09-02 00:00:00,80.11180637114309
246,246,2020-09-03 00:00:00,62.33552585422599
247,247,2020-09-04 00:00:00,30.706738427672704
248,248,2020-09-05 00:00:00,81.37083473917117
249,249,2020-09-06 00:00:00,3.9887020818109358
250,250,2020-09-07 00:00:00,44.99111121758142
251,251,2020-09-08 00:00:00,37.35329945767944
252,252,2020-09-09 00:00:00,37.21879436088119
253,253,2020-09-10 00:00:00,42.479245882458386
254,254,2020-09-11 00:00:00,77.99644977601362
255,255,2020-09-12 00:00:00,28.56167597390006
256,256,2020-09-13 00:00:00,94.99338188194326
257,257,2020-09-14 00:00:00,33.04403536359216
258,258,2020-09-15 00:00:00,16.33029454644825
259,259,2020-09-16 00:00:00,76.67514964532033
260,260,2020-09-17 00:00:00,67.69905910581844
261,261,2020-09-18 00:00:00,64.64832804373592
262,262,2020-09-19 00:00:00,83.24946811573939
263,263,2020-09-20 00:00:00,25.46030980928315
264,264,2020-09-21 00:00:00,61.251946876731104
265,265,2020-09-22 00:00:00,6.286172870770722
266,266,2020-09-23 00:00:00,18.046815431523708
267,267,2020-09-24 00:00:00,12.915398961405767
268,268,2020-09-25 00:00:00,20.5292493583186
269,269,2020-09-26 00:00:00,5.772760153312495
270,270,2020-09-27 00:00:00,15.993315919318398
271,271,2020-09-28 00:00:00,45.53710424858862
272,272,2020-09-29 00:00:00,16.85711222682162
273,273,2020-09-30 00:00:00,80.54630095606892
274,274,2020-10-01 00:00:00,71.56298825033268
275,275,2020-10-02 00:00:00,53.146393354987985
276,276,2020-10-03 00:00:00,38.02564752323176
277,277,2020-10-04 00:00:00,15.206073491425347
278,278,2020-10-05 00:00:00,3.8698977678374065
279,279,2020-10-06 00:00:00,93.1753184915651
280,280,2020-10-07 00:00:00,70.59447267576013
281,281,2020-10-08 00:00:00,97.28981077354432
282,282,2020-10-09 00:00:00,62.617365618250844
283,283,2020-10-10 00:00:00,46.40823417328668
284,284,2020-10-11 00:00:00,79.65729367749864
285,285,2020-10-12 00:00:00,99.27370370872157
286,286,2020-10-13 00:00:00,79.36418220707898
287,287,2020-10-14 00:00:00,4.872157269418778
288,288,2020-10-15 00:00:00,41.830114783129915
289,289,2020-10-16 00:00:00,49.19064936037075
290,290,2020-10-17 00:00:00,62.77569101609531
291,291,2020-10-18 00:00:00,17.699451648907054
292,292,2020-10-19 00:00:00,6.951638256664235
293,293,2020-10-20 00:00:00,22.360132401285618
294,294,2020-10-21 00:00:00,87.68145850843268
295,295,2020-10-22 00:00:00,88.85303529449844
296,296,2020-10-23 00:00:00,31.93749614022609
297,297,2020-10-24 00:00:00,56.91958737346082
298,298,2020-10-25 00:00:00,35.91869151785362
299,299,2020-10-26 00:00:00,99.40908816695656
300,300,2020-10-27 00:00:00,67.93389709527456
301,301,2020-10-28 00:00:00,4.890222039394672
302,302,2020-10-29 00:00:00,26.260484451097696
303,303,2020-10-30 00:00:00,14.289045663681327
304,304,2020-10-31 00:00:00,61.750111539395746
305,305,2020-11-01 00:00:00,68.48016484258156
306,306,2020-11-02 00:00:00,7.337722892417724
307,307,2020-11-03 00:00:00,18.659411205155024
308,308,2020-11-04 00:00:00,53.16881054002033
309,309,2020-11-05 00:00:00,51.40096244335381
310,310,2020-11-06 00:00:00,51.306197426188064
311,311,2020-11-07 00:00:00,45.549350828375516
312,312,2020-11-08 00:00:00,87.28673087223235
313,313,2020-11-09 00:00:00,12.1838331459722
314,314,2020-11-10 00:00:00,45.7327288919235
315,315,2020-11-11 00:00:00,3.7947925530431417
316,316,2020-11-12 00:00:00,60.52386570289982
317,317,2020-11-13 00:00:00,13.608140918511882
318,318,2020-11-14 00:00:00,76.93161558659462
319,319,2020-11-15 00:00:00,32.8259285082536
320,320,2020-11-16 00:00:00,44.19072489004759
321,321,2020-11-17 00:00:00,77.54739175160786
322,322,2020-11-18 00:00:00,7.565244343404394
323,323,2020-11-19 00:00:00,92.81655709103826
324,324,2020-11-20 00:00:00,34.74630996401086
325,325,2020-11-21 00:00:00,32.54674904274259
326,326,2020-11-22 00:00:00,57.45966935929128
327,327,2020-11-23 00:00:00,28.904010008617075
328,328,2020-11-24 00:00:00,18.003284395200392
329,329,2020-11-25 00:00:00,7.383843496054489
330,330,2020-11-26 00:00:00,35.11589480784667
331,331,2020-11-27 00:00:00,85.63689611735292
332,332,2020-11-28 00:00:00,81.9956303295605
333,333,2020-11-29 00:00:00,43.599448300389845
334,334,2020-11-30 00:00:00,41.65640550908315
335,335,2020-12-01 00:00:00,35.59600121846111
336,336,2020-12-02 00:00:00,98.43197171602179
337,337,2020-12-03 00:00:00,48.58874287549281
338,338,2020-12-04 00:00:00,82.27248381273013
339,339,2020-12-05 00:00:00,38.37569324036196
340,340,2020-12-06 00:00:00,79.55619206017838
341,341,2020-12-07 00:00:00,74.45299265062899
342,342,2020-12-08 00:00:00,98.69898718360305
343,343,2020-12-09 00:00:00,95.66250523718156
344,344,2020-12-10 00:00:00,27.222502798342774
345,345,2020-12-11 00:00:00,20.33619022322354
346,346,2020-12-12 00:00:00,77.4358923537483
347,347,2020-12-13 00:00:00,69.60843838870743
348,348,2020-12-14 00:00:00,64.68814704837257
349,349,2020-12-15 00:00:00,70.27510487309826
350,350,2020-12-16 00:00:00,26.408547366650765
351,351,2020-12-17 00:00:00,44.4280314202977
352,352,2020-12-18 00:00:00,6.008421541387533
353,353,2020-12-19 00:00:00,87.4942141105477
354,354,2020-12-20 00:00:00,57.975145298981865
355,355,2020-12-21 00:00:00,81.0798882060266
356,356,2020-12-22 00:00:00,99.09609656024286
357,357,2020-12-23 00:00:00,78.10329289144832
358,358,2020-12-24 00:00:00,82.88187865703996
359,359,2020-12-25 00:00:00,65.68909724489637
360,360,2020-12-26 00:00:00,14.850158629227687
361,361,2020-12-27 00:00:00,83.13423110191343
362,362,2020-12-28 00:00:00,91.40150756055684
363,363,2020-12-29 00:00:00,47.52981270944063
364,364,2020-12-30 00:00:00,59.67795008141021
365,365,2020-12-31 00:00:00,73.23402252389673
366,366,2021-01-01 00:00:00,73.05763377278058
367,367,2021-01-02 00:00:00,67.14812204809789
368,368,2021-01-03 00:00:00,8.46978117065122
369,369,2021-01-04 00:00:00,9.845555636709724
370,370,2021-01-05 00:00:00,52.7678337480944
371,371,2021-01-06 00:00:00,44.270054823862154
372,372,2021-01-07 00:00:00,30.1800298348729
373,373,2021-01-08 00:00:00,17.495878111346315
374,374,2021-01-09 00:00:00,42.94978239297688
375,375,2021-01-10 00:00:00,68.98280160426953
376,376,2021-01-11 00:00:00,8.832097751598987
377,377,2021-01-12 00:00:00,66.29478739457097
378,378,2021-01-13 00:00:00,99.4129101096109
379,379,2021-01-14 00:00:00,98.19882232390246
380,380,2021-01-15 00:00:00,27.237860955988424
381,381,2021-01-16 00:00:00,89.21498865791537
382,382,2021-01-17 00:00:00,97.08104063257025
383,383,2021-01-18 00:00:00,72.86074429702177
384,384,2021-01-19 00:00:00,12.152468163088798
385,385,2021-01-20 00:00:00,11.410324265343682
386,386,2021-01-21 00:00:00,6.717404382223367
387,387,2021-01-22 00:00:00,83.16542364027276
388,388,2021-01-23 00:00:00,59.93533425103931
389,389,2021-01-24 00:00:00,75.42235639938332
390,390,2021-01-25 00:00:00,92.72460133100466
391,391,2021-01-26 00:00:00,12.574647249195056
392,392,2021-01-27 00:00:00,64.94839358291856
393,393,2021-01-28 00:00:00,60.98773558614552
394,394,2021-01-29 00:00:00,39.80055204326715
395,395,2021-01-30 00:00:00,30.87918894433141
396,396,2021-01-31 00:00:00,67.32369346111423
397,397,2021-02-01 00:00:00,43.452870771595606
398,398,2021-02-02 00:00:00,11.557111428066833
399,399,2021-02-03 00:00:00,35.57578219798957
400,400,2021-02-04 00:00:00,19.251603180956575
401,401,2021-02-05 00:00:00,85.4543239480934
402,402,2021-02-06 00:00:00,73.46481320727966
403,403,2021-02-07 00:00:00,84.68939956633345
404,404,2021-02-08 00:00:00,68.86618608700564
405,405,2021-02-09 00:00:00,42.819457243746086
406,406,2021-02-10 00:00:00,79.80073263779707
407,407,2021-02-11 00:00:00,30.61055291239493
408,408,2021-02-12 00:00:00,46.39865763690869
409,409,2021-02-13 00:00:00,89.17044853648343
410,410,2021-02-14 00:00:00,81.13128753812272
411,411,2021-02-15 00:00:00,11.467388206800806
412,412,2021-02-16 00:00:00,59.84406799415101
413,413,2021-02-17 00:00:00,55.17118192990497
414,414,2021-02-18 00:00:00,81.54127970894503
415,415,2021-02-19 00:00:00,3.2048520617605134
416,416,2021-02-20 00:00:00,51.940053653167105
417,417,2021-02-21 00:00:00,23.585708251891543
418,418,2021-02-22 00:00:00,40.54212462340328
419,419,2021-02-23 00:00:00,87.02255880612614
420,420,2021-02-24 00:00:00,85.31945327084256
421,421,2021-02-25 00:00:00,66.24814124559983
422,422,2021-02-26 00:00:00,11.085742188107785
423,423,2021-02-27 00:00:00,81.05163786377078
424,424,2021-02-28 00:00:00,47.66450147717471
425,425,2021-03-01 00:00:00,98.71667762380729
426,426,2021-03-02 00:00:00,49.73949148018516
427,427,2021-03-03 00:00:00,41.556395433808035
428,428,2021-03-04 00:00:00,85.87293061976331
429,429,2021-03-05 00:00:00,86.98036448852942
430,430,2021-03-06 00:00:00,75.69017463905725
431,431,2021-03-07 00:00:00,88.33369732179723
432,432,2021-03-08 00:00:00,49.87443923898067
433,433,2021-03-09 00:00:00,47.61893591412388
434,434,2021-03-10 00:00:00,78.79850253765434
435,435,2021-03-11 00:00:00,23.588845432115736
436,436,2021-03-12 00:00:00,45.38729522757165
437,437,2021-03-13 00:00:00,58.74385876785857
438,438,2021-03-14 00:00:00,1.0533481499547217
439,439,2021-03-15 00:00:00,92.74491751093116
440,440,2021-03-16 00:00:00,57.34470776989782
441,441,2021-03-17 00:00:00,89.90644263954809
442,442,2021-03-18 00:00:00,81.89709666747791
443,443,2021-03-19 00:00:00,67.28073288137998
444,444,2021-03-20 00:00:00,26.438837085095642
445,445,2021-03-21 00:00:00,87.27925453466051
446,446,2021-03-22 00:00:00,22.605702723436107
447,447,2021-03-23 00:00:00,42.82641624029151
448,448,2021-03-24 00:00:00,41.22075528147466
449,449,2021-03-25 00:00:00,55.66822105569625
450,450,2021-03-26 00:00:00,22.567643476138937
451,451,2021-03-27 00:00:00,30.718113677069823
452,452,2021-03-28 00:00:00,85.3030064124461
453,453,2021-03-29 00:00:00,2.884113738948136
454,454,2021-03-30 00:00:00,54.02479121464779
455,455,2021-03-31 00:00:00,77.1991398677592
456,456,2021-04-01 00:00:00,6.625619450044283
457,457,2021-04-02 00:00:00,5.121332057221705
458,458,2021-04-03 00:00:00,83.33203942463422
459,459,2021-04-04 00:00:00,61.007469740743524
460,460,2021-04-05 00:00:00,44.026462388025706
461,461,2021-04-06 00:00:00,99.78598990537151
462,462,2021-04-07 00:00:00,18.7317428496911
463,463,2021-04-08 00:00:00,63.456865723162764
464,464,2021-04-09 00:00:00,79.83554000520047
465,465,2021-04-10 00:00:00,23.596167938667236
466,466,2021-04-11 00:00:00,8.28537121156742
467,467,2021-04-12 00:00:00,76.52614954158969
468,468,2021-04-13 00:00:00,7.0971511625909685
469,469,2021-04-14 00:00:00,38.96164151139806
470,470,2021-04-15 00:00:00,92.49035801972134
471,471,2021-04-16 00:00:00,51.30190995573443
472,472,2021-04-17 00:00:00,36.9859604366471
473,473,2021-04-18 00:00:00,14.64241909988679
474,474,2021-04-19 00:00:00,77.75713010184435
475,475,2021-04-20 00:00:00,51.85668918069071
476,476,2021-04-21 00:00:00,44.65539556370294
477,477,2021-04-22 00:00:00,29.78608065741677
478,478,2021-04-23 00:00:00,78.52464092792619
479,479,2021-04-24 00:00:00,15.59185339547503
480,480,2021-04-25 00:00:00,93.90269738641935
481,481,2021-04-26 00:00:00,75.9304212935111
482,482,2021-04-27 00:00:00,93.9552248844493
483,483,2021-04-28 00:00:00,78.05707241332986
484,484,2021-04-29 00:00:00,8.303960349044555
485,485,2021-04-30 00:00:00,72.06139530561943
486,486,2021-05-01 00:00:00,39.54352816720855
487,487,2021-05-02 00:00:00,92.47505114055126
488,488,2021-05-03 00:00:00,63.99348615339771
489,489,2021-05-04 00:00:00,87.01312197897732
490,490,2021-05-05 00:00:00,2.4274622581804417
491,491,2021-05-06 00:00:00,5.505322237635679
492,492,2021-05-07 00:00:00,31.35439579367757
493,493,2021-05-08 00:00:00,7.528399016557302
494,494,2021-05-09 00:00:00,93.85004345603143
495,495,2021-05-10 00:00:00,37.494764984938726
496,496,2021-05-11 00:00:00,84.3347985300833
497,497,2021-05-12 00:00:00,29.24443323092824
498,498,2021-05-13 00:00:00,35.375942296898835
499,499,2021-05-14 00:00:00,1.8710118062625303
500,500,2021-05-15 00:00:00,79.85067372218018
501,501,2021-05-16 00:00:00,40.89984403396488
502,502,2021-05-17 00:00:00,20.838267924291078
503,503,2021-05-18 00:00:00,43.531304114246396
504,504,2021-05-19 00:00:00,18.97978820864409
505,505,2021-05-20 00:00:00,96.89798896581684
506,506,2021-05-21 00:00:00,72.75340860755671
507,507,2021-05-22 00:00:00,42.279496218700615
508,508,2021-05-23 00:00:00,68.29015462404207
509,509,2021-05-24 00:00:00,84.56325971630669
510,510,2021-05-25 00:00:00,23.014186471301247
511,511,2021-05-26 00:00:00,88.4341953810013
512,512,2021-05-27 00:00:00,93.74498330137607
513,513,2021-05-28 00:00:00,43.62770878325068
514,514,2021-05-29 00:00:00,81.2926422008757
515,515,2021-05-30 00:00:00,37.2032325985091
516,516,2021-05-31 00:00:00,72.43164882310242
517,517,2021-06-01 00:00:00,38.71951078526623
518,518,2021-06-02 00:00:00,55.91672114326498
519,519,2021-06-03 00:00:00,62.38960171296417
520,520,2021-06-04 00:00:00,27.12886008383145
521,521,2021-06-05 00:00:00,38.78118397051001
522,522,2021-06-06 00:00:00,39.7222743967581
523,523,2021-06-07 00:00:00,65.26649755467875
524,524,2021-06-08 00:00:00,10.396983225096252
525,525,2021-06-09 00:00:00,43.16152253450821
526,526,2021-06-10 00:00:00,85.1017854254223
527,527,2021-06-11 00:00:00,90.0586308706222
528,528,2021-06-12 00:00:00,51.23344669698585
529,529,2021-06-13 00:00:00,87.64395877561365
530,530,2021-06-14 00:00:00,19.045758010723176
531,531,2021-06-15 00:00:00,29.095343332137112
532,532,2021-06-16 00:00:00,1.3419377345287042
533,533,2021-06-17 00:00:00,74.13740607606805
534,534,2021-06-18 00:00:00,88.45025393280679
535,535,2021-06-19 00:00:00,11.580198445552659
536,536,2021-06-20 00:00:00,25.317938111722956
537,537,2021-06-21 00:00:00,78.62553097512564
538,538,2021-06-22 00:00:00,20.208359434990165
539,539,2021-06-23 00:00:00,78.09297205453326
540,540,2021-06-24 00:00:00,67.43692298997466
541,541,2021-06-25 00:00:00,78.10762765845253
542,542,2021-06-26 00:00:00,90.19836005628162
543,543,2021-06-27 00:00:00,16.809269236663248
544,544,2021-06-28 00:00:00,71.63975524640689
545,545,2021-06-29 00:00:00,60.622167698476346
546,546,2021-06-30 00:00:00,59.81544766122584
547,547,2021-07-01 00:00:00,12.764929559510426
548,548,2021-07-02 00:00:00,8.697550605683414
549,549,2021-07-03 00:00:00,44.5433084893299
550,550,2021-07-04 00:00:00,75.5624008041567
551,551,2021-07-05 00:00:00,74.61099418714016
552,552,2021-07-06 00:00:00,80.00877540413795
553,553,2021-07-07 00:00:00,64.99672250666191
554,554,2021-07-08 00:00:00,63.53304934204791
555,555,2021-07-09 00:00:00,94.4101526747892
556,556,2021-07-10 00:00:00,84.44934118323773
557,557,2021-07-11 00:00:00,63.76315773192796
558,558,2021-07-12 00:00:00,82.58963713941863
559,559,2021-07-13 00:00:00,1.2445937141255607
560,560,2021-07-14 00:00:00,88.87145425674721
561,561,2021-07-15 00:00:00,32.22523844531458
562,562,2021-07-16 00:00:00,58.783983165654156
563,563,2021-07-17 00:00:00,46.60327448354154
564,564,2021-07-18 00:00:00,65.10083395671684
565,565,2021-07-19 00:00:00,35.24212260993678
566,566,2021-07-20 00:00:00,77.75679177057602
567,567,2021-07-21 00:00:00,44.34362194534589
568,568,2021-07-22 00:00:00,42.60208356571877
569,569,2021-07-23 00:00:00,35.26629156331563
570,570,2021-07-24 00:00:00,97.69069302052735
571,571,2021-07-25 00:00:00,94.00740862652793
572,572,2021-07-26 00:00:00,95.08061472752988
573,573,2021-07-27 00:00:00,49.566997884766714
574,574,2021-07-28 00:00:00,68.511284170912
575,575,2021-07-29 00:00:00,29.988701643588993
576,576,2021-07-30 00:00:00,83.26619159718186
577,577,2021-07-31 00:00:00,51.40791734947311
578,578,2021-08-01 00:00:00,40.985378628021714
579,579,2021-08-02 00:00:00,2.0605985516392695
580,580,2021-08-03 00:00:00,43.74764389882376
581,581,2021-08-04 00:00:00,26.953091941900823
582,582,2021-08-05 00:00:00,47.96145153865904
583,583,2021-08-06 00:00:00,5.915567929771646
584,584,2021-08-07 00:00:00,22.518487107665894
585,585,2021-08-08 00:00:00,28.210218201121947
586,586,2021-08-09 00:00:00,91.30514397859797
587,587,2021-08-10 00:00:00,82.39891491084886
588,588,2021-08-11 00:00:00,20.134158501336568
589,589,2021-08-12 00:00:00,73.13085960509758
590,590,2021-08-13 00:00:00,11.04311703902629
591,591,2021-08-14 00:00:00,90.17226623431628
592,592,2021-08-15 00:00:00,88.15043986192977
593,593,2021-08-16 00:00:00,82.86125727449108
594,594,2021-08-17 00:00:00,11.322659390027434
595,595,2021-08-18 00:00:00,31.730605831377847
596,596,2021-08-19 00:00:00,49.232238739552606
597,597,2021-08-20 00:00:00,22.408881911167004
598,598,2021-08-21 00:00:00,98.2481839339681
599,599,2021-08-22 00:00:00,38.92367996967224
600,600,2021-08-23 00:00:00,33.69749023051593
601,601,2021-08-24 00:00:00,4.9154944979531585
602,602,2021-08-25 00:00:00,82.9091041748666
603,603,2021-08-26 00:00:00,26.604174660650827
604,604,2021-08-27 00:00:00,7.464034910347521
605,605,2021-08-28 00:00:00,63.56799117533384
606,606,2021-08-29 00:00:00,96.09474607748015
607,607,2021-08-30 00:00:00,66.27990508194557
608,608,2021-08-31 00:00:00,32.306731892543965
609,609,2021-09-01 00:00:00,47.39263291555602
610,610,2021-09-02 00:00:00,85.13724786829466
611,611,2021-09-03 00:00:00,31.88641779503537
612,612,2021-09-04 00:00:00,27.875029880034834
613,613,2021-09-05 00:00:00,60.604571825317876
614,614,2021-09-06 00:00:00,11.45621558405755
615,615,2021-09-07 00:00:00,51.06704471014984
616,616,2021-09-08 00:00:00,99.37207228201989
617,617,2021-09-09 00:00:00,82.04711475115649
618,618,2021-09-10 00:00:00,12.710375431114427
619,619,2021-09-11 00:00:00,16.59087622282791
620,620,2021-09-12 00:00:00,21.219101226896043
621,621,2021-09-13 00:00:00,49.80373546176519
622,622,2021-09-14 00:00:00,6.576711628070487
623,623,2021-09-15 00:00:00,97.3886506850647
624,624,2021-09-16 00:00:00,3.6541278968180633
625,625,2021-09-17 00:00:00,51.76803581131771
626,626,2021-09-18 00:00:00,21.771762018160086
627,627,2021-09-19 00:00:00,20.42571852730518
628,628,2021-09-20 00:00:00,74.31962243795667
629,629,2021-09-21 00:00:00,42.2739206666225
630,630,2021-09-22 00:00:00,69.24995175288498
631,631,2021-09-23 00:00:00,52.513498204080584
632,632,2021-09-24 00:00:00,1.5762192097974286
633,633,2021-09-25 00:00:00,31.757624450311635
634,634,2021-09-26 00:00:00,97.24205889892879
635,635,2021-09-27 00:00:00,50.65664147605862
636,636,2021-09-28 00:00:00,3.294082335439625
637,637,2021-09-29 00:00:00,15.149628887073003
638,638,2021-09-30 00:00:00,15.105153992519206
639,639,2021-10-01 00:00:00,12.151205939968566
640,640,2021-10-02 00:00:00,12.249389239730947
641,641,2021-10-03 00:00:00,75.05862859208762
642,642,2021-10-04 00:00:00,98.47460056058114
643,643,2021-10-05 00:00:00,23.6303813646872
644,644,2021-10-06 00:00:00,83.73885692689954
645,645,2021-10-07 00:00:00,10.531682466447357
646,646,2021-10-08 00:00:00,11.076811997352918
647,647,2021-10-09 00:00:00,47.880594202206154
648,648,2021-10-10 00:00:00,72.94105254322987
649,649,2021-10-11 00:00:00,68.62226320043192
650,650,2021-10-12 00:00:00,80.01388813101447
651,651,2021-10-13 00:00:00,23.58828910201121
652,652,2021-10-14 00:00:00,48.173304228637214
653,653,2021-10-15 00:00:00,77.2753967419989
654,654,2021-10-16 00:00:00,2.792756539950985
655,655,2021-10-17 00:00:00,6.872234517562177
656,656,2021-10-18 00:00:00,57.08309674598215
657,657,2021-10-19 00:00:00,48.34144853474264
658,658,2021-10-20 00:00:00,54.21981114729405
659,659,2021-10-21 00:00:00,97.75412499418213
660,660,2021-10-22 00:00:00,69.7999084424722
661,661,2021-10-23 00:00:00,3.8088775836633624
662,662,2021-10-24 00:00:00,64.98501115163515
663,663,2021-10-25 00:00:00,69.33069793351115
664,664,2021-10-26 00:00:00,78.86310163926997
665,665,2021-10-27 00:00:00,34.494076285065304
666,666,2021-10-28 00:00:00,23.18037049202493
667,667,2021-10-29 00:00:00,42.121504820411836
668,668,2021-10-30 00:00:00,63.12740214810594
669,669,2021-10-31 00:00:00,14.6935330501564
670,670,2021-11-01 00:00:00,54.31761349053833
671,671,2021-11-02 00:00:00,4.661483710127924
672,672,2021-11-03 00:00:00,57.73051839788481
673,673,2021-11-04 00:00:00,46.56001045704051
674,674,2021-11-05 00:00:00,49.160478581361836
675,675,2021-11-06 00:00:00,82.96002570879857
676,676,2021-11-07 00:00:00,85.85304229523362
677,677,2021-11-08 00:00:00,36.26907145611045
678,678,2021-11-09 00:00:00,48.085009759882645
679,679,2021-11-10 00:00:00,32.96598293170613
680,680,2021-11-11 00:00:00,18.968955313092508
681,681,2021-11-12 00:00:00,60.54915978836531
682,682,2021-11-13 00:00:00,62.53782263709801
683,683,2021-11-14 00:00:00,72.38088397360762
684,684,2021-11-15 00:00:00,14.588195342297384
685,685,2021-11-16 00:00:00,14.48038244619644
686,686,2021-11-17 00:00:00,46.75395382069587
687,687,2021-11-18 00:00:00,16.7274739569088
688,688,2021-11-19 00:00:00,66.46215649179479
689,689,2021-11-20 00:00:00,63.85883939672986
690,690,2021-11-21 00:00:00,10.085341410782544
691,691,2021-11-22 00:00:00,57.39126177676976
692,692,2021-11-23 00:00:00,86.45813268761135
693,693,2021-11-24 00:00:00,92.8900594153649
694,694,2021-11-25 00:00:00,11.779738560892604
695,695,2021-11-26 00:00:00,24.814459516223508
696,696,2021-11-27 00:00:00,75.82845302041042
697,697,2021-11-28 00:00:00,70.83799371419886
698,698,2021-11-29 00:00:00,63.064403613321275
699,699,2021-11-30 00:00:00,38.83001517233387
700,700,2021-12-01 00:00:00,45.84825186375634
701,701,2021-12-02 00:00:00,33.62856056023892
702,702,2021-12-03 00:00:00,96.24323093815255
703,703,2021-12-04 00:00:00,47.84577642024645
704,704,2021-12-05 00:00:00,38.73835575031638
705,705,2021-12-06 00:00:00,11.22894125279266
706,706,2021-12-07 00:00:00,54.279811256703745
707,707,2021-12-08 00:00:00,46.31584760765806
708,708,2021-12-09 00:00:00,80.208867821069
709,709,2021-12-10 00:00:00,81.59207339459174
710,710,2021-12-11 00:00:00,46.91932847242202
711,711,2021-12-12 00:00:00,81.0044874921589
712,712,2021-12-13 00:00:00,77.36133738186498
713,713,2021-12-14 00:00:00,35.25132531048459
714,714,2021-12-15 00:00:00,41.95752259385675
715,715,2021-12-16 00:00:00,1.157703658614846
716,716,2021-12-17 00:00:00,32.57654081796551
717,717,2021-12-18 00:00:00,41.6704501873426
718,718,2021-12-19 00:00:00,90.44095222119739
719,719,2021-12-20 00:00:00,91.94099953035735
720,720,2021-12-21 00:00:00,45.104628055740804
721,721,2021-12-22 00:00:00,28.728031400868943
722,722,2021-12-23 00:00:00,91.32406017447406
723,723,2021-12-24 00:00:00,42.84638964066778
724,724,2021-12-25 00:00:00,72.39622348607095
725,725,2021-12-26 00:00:00,20.443726919438284
726,726,2021-12-27 00:00:00,30.229214835344166
727,727,2021-12-28 00:00:00,78.2918219133665
728,728,2021-12-29 00:00:00,99.47868633863345
729,729,2021-12-30 00:00:00,27.06720367883651
730,730,2021-12-31 00:00:00,83.25729501572177
731,731,2022-01-01 00:00:00,15.018471297751704
732,732,2022-01-02 00:00:00,91.21319016661579
733,733,2022-01-03 00:00:00,2.93563988682425
734,734,2022-01-04 00:00:00,7.951267973747471
735,735,2022-01-05 00:00:00,94.22302259187201
736,736,2022-01-06 00:00:00,71.04137093696477
737,737,2022-01-07 00:00:00,47.26957710269727
738,738,2022-01-08 00:00:00,17.047224073448596
739,739,2022-01-09 00:00:00,94.00784508682125
740,740,2022-01-10 00:00:00,46.4323213209985
741,741,2022-01-11 00:00:00,62.020786831808856
742,742,2022-01-12 00:00:00,99.22561546227298
743,743,2022-01-13 00:00:00,81.63667592382672
744,744,2022-01-14 00:00:00,89.84072489900402
745,745,2022-01-15 00:00:00,6.383905560114523
746,746,2022-01-16 00:00:00,68.47204264139707
747,747,2022-01-17 00:00:00,49.367072460435665
748,748,2022-01-18 00:00:00,86.06990618744054
749,749,2022-01-19 00:00:00,81.42256860259182
750,750,2022-01-20 00:00:00,44.694453894631835
751,751,2022-01-21 00:00:00,28.984846596443518
752,752,2022-01-22 00:00:00,13.331290055991765
753,753,2022-01-23 00:00:00,66.39259311670259
754,754,2022-01-24 00:00:00,33.82831133452322
755,755,2022-01-25 00:00:00,94.86609556149567
756,756,2022-01-26 00:00:00,14.341622546315156
757,757,2022-01-27 00:00:00,28.315019955503598
758,758,2022-01-28 00:00:00,5.645477519348029
759,759,2022-01-29 00:00:00,87.46990070064751
760,760,2022-01-30 00:00:00,61.80986006081737
761,761,2022-01-31 00:00:00,77.24516542632894
762,762,2022-02-01 00:00:00,56.016224354979556
763,763,2022-02-02 00:00:00,50.98796104911858
764,764,2022-02-03 00:00:00,65.15528466609597
765,765,2022-02-04 00:00:00,76.09338293255766
766,766,2022-02-05 00:00:00,38.14888116676425
767,767,2022-02-06 00:00:00,53.107394890909255
768,768,2022-02-07 00:00:00,12.33982079837941
769,769,2022-02-08 00:00:00,88.40126879135035
770,770,2022-02-09 00:00:00,19.908933685845717
771,771,2022-02-10 00:00:00,96.89492798731695
772,772,2022-02-11 00:00:00,7.1177802274515996
773,773,2022-02-12 00:00:00,47.864352117284284
774,774,2022-02-13 00:00:00,73.19605212031392
775,775,2022-02-14 00:00:00,45.68434894382568
776,776,2022-02-15 00:00:00,79.69536848992665
777,777,2022-02-16 00:00:00,6.591993308593478
778,778,2022-02-17 00:00:00,35.12847663038444
779,779,2022-02-18 00:00:00,71.74022593392306
780,780,2022-02-19 00:00:00,33.82355237330727
781,781,2022-02-20 00:00:00,55.4582623461889
782,782,2022-02-21 00:00:00,51.96877899266264
783,783,2022-02-22 00:00:00,45.87184185751069
784,784,2022-02-23 00:00:00,82.22826628882792
785,785,2022-02-24 00:00:00,77.73221271439078
786,786,2022-02-25 00:00:00,63.62321990857531
787,787,2022-02-26 00:00:00,89.2672069860591
788,788,2022-02-27 00:00:00,18.94303798533101
789,789,2022-02-28 00:00:00,94.42647556953163
790,790,2022-03-01 00:00:00,54.63032601797953
791,791,2022-03-02 00:00:00,82.23596716574615
792,792,2022-03-03 00:00:00,48.066987982056226
793,793,2022-03-04 00:00:00,36.52306016585062
794,794,2022-03-05 00:00:00,24.23253883875282
795,795,2022-03-06 00:00:00,10.527164690933004
796,796,2022-03-07 00:00:00,61.04517776292258
797,797,2022-03-08 00:00:00,60.981626807738195
798,798,2022-03-09 00:00:00,18.169189032556673
799,799,2022-03-10 00:00:00,58.85491312972519
800,800,2022-03-11 00:00:00,83.57919593849095
801,801,2022-03-12 00:00:00,55.175942680931605
802,802,2022-03-13 00:00:00,17.242934719658
803,803,2022-03-14 00:00:00,93.92021460177828
804,804,2022-03-15 00:00:00,71.70241347938828
805,805,2022-03-16 00:00:00,77.49908725132559
806,806,2022-03-17 00:00:00,89.63687655948526
807,807,2022-03-18 00:00:00,20.728053848363675
808,808,2022-03-19 00:00:00,62.370482162948576
809,809,2022-03-20 00:00:00,50.367020402950644
810,810,2022-03-21 00:00:00,7.589382118041414
811,811,2022-03-22 00:00:00,66.56232703524218
812,812,2022-03-23 00:00:00,71.1663764816382
813,813,2022-03-24 00:00:00,30.71478399738137
814,814,2022-03-25 00:00:00,98.35297111287751
815,815,2022-03-26 00:00:00,3.5379682019697256
816,816,2022-03-27 00:00:00,77.35510897547516
817,817,2022-03-28 00:00:00,28.919645032948768
818,818,2022-03-29 00:00:00,74.80468524759371
819,819,2022-03-30 00:00:00,43.03536033489061
820,820,2022-03-31 00:00:00,50.656781577898734
821,821,2022-04-01 00:00:00,74.46259676766753
822,822,2022-04-02 00:00:00,1.928613670266734
823,823,2022-04-03 00:00:00,30.99685448381356
824,824,2022-04-04 00:00:00,33.42073860214831
825,825,2022-04-05 00:00:00,40.88311479366674
826,826,2022-04-06 00:00:00,79.02801338628082
827,827,2022-04-07 00:00:00,92.38244547323517
828,828,2022-04-08 00:00:00,47.86195588924974
829,829,2022-04-09 00:00:00,92.07025883163264
830,830,2022-04-10 00:00:00,87.53858285686712
831,831,2022-04-11 00:00:00,95.41285038856394
832,832,2022-04-12 00:00:00,36.599134202416955
833,833,2022-04-13 00:00:00,20.737345266511642
834,834,2022-04-14 00:00:00,2.919807243533836
835,835,2022-04-15 00:00:00,90.92732174551357
836,836,2022-04-16 00:00:00,18.966991779535935
837,837,2022-04-17 00:00:00,59.33698988453906
838,838,2022-04-18 00:00:00,75.48481244834198
839,839,2022-04-19 00:00:00,9.580682236699323
840,840,2022-04-20 00:00:00,25.75203662164622
841,841,2022-04-21 00:00:00,87.75787746098234
842,842,2022-04-22 00:00:00,39.67892378853382
843,843,2022-04-23 00:00:00,94.59235795919062
844,844,2022-04-24 00:00:00,67.93295779438444
845,845,2022-04-25 00:00:00,39.851792612272355
846,846,2022-04-26 00:00:00,51.28457497688754
847,847,2022-04-27 00:00:00,11.026404899749075
848,848,2022-04-28 00:00:00,40.49060144018053
849,849,2022-04-29 00:00:00,33.77727702983136
850,850,2022-04-30 00:00:00,14.186121148932262
851,851,2022-05-01 00:00:00,45.165377865599716
852,852,2022-05-02 00:00:00,45.86939973078487
853,853,2022-05-03 00:00:00,90.18336286083878
854,854,2022-05-04 00:00:00,68.16572536583504
855,855,2022-05-05 00:00:00,15.747919368716634
856,856,2022-05-06 00:00:00,29.42561717648571
857,857,2022-05-07 00:00:00,25.455288735431218
858,858,2022-05-08 00:00:00,34.98076185548857
859,859,2022-05-09 00:00:00,91.61622945957876
860,860,2022-05-10 00:00:00,27.663825413390104
861,861,2022-05-11 00:00:00,67.2165270171394
862,862,2022-05-12 00:00:00,99.54150029515581
863,863,2022-05-13 00:00:00,27.75713429452198
864,864,2022-05-14 00:00:00,66.32608497323741
865,865,2022-05-15 00:00:00,9.455886417965196
866,866,2022-05-16 00:00:00,66.19433992442163
867,867,2022-05-17 00:00:00,13.406110010941381
868,868,2022-05-18 00:00:00,72.842173775428
869,869,2022-05-19 00:00:00,81.47577967901444
870,870,2022-05-20 00:00:00,42.671984479188545
871,871,2022-05-21 00:00:00,6.810837028336208
872,872,2022-05-22 00:00:00,56.217298711021385
873,873,2022-05-23 00:00:00,73.50806306244196
874,874,2022-05-24 00:00:00,80.46083435982113
875,875,2022-05-25 00:00:00,90.86759506468375
876,876,2022-05-26 00:00:00,7.809326960503299
877,877,2022-05-27 00:00:00,12.094283995831985
878,878,2022-05-28 00:00:00,72.36074116708423
879,879,2022-05-29 00:00:00,84.88033111119289
880,880,2022-05-30 00:00:00,23.140518714140253
881,881,2022-05-31 00:00:00,12.945991490058177
882,882,2022-06-01 00:00:00,15.640581649637562
883,883,2022-06-02 00:00:00,72.41755335377626
884,884,2022-06-03 00:00:00,77.23318157779687
885,885,2022-06-04 00:00:00,78.12229093640141
886,886,2022-06-05 00:00:00,42.105301335068845
887,887,2022-06-06 00:00:00,82.71818783526149
888,888,2022-06-07 00:00:00,96.67562430002442
889,889,2022-06-08 00:00:00,6.835185088231957
890,890,2022-06-09 00:00:00,94.22678419710073
891,891,2022-06-10 00:00:00,56.913633054840155
892,892,2022-06-11 00:00:00,49.505247669144225
893,893,2022-06-12 00:00:00,96.70549687105786
894,894,2022-06-13 00:00:00,53.74912212631701
895,895,2022-06-14 00:00:00,65.23394122673255
896,896,2022-06-15 00:00:00,86.65505032740104
897,897,2022-06-16 00:00:00,9.396053270423307
898,898,2022-06-17 00:00:00,24.3393362165399
899,899,2022-06-18 00:00:00,13.1935158110169
900,900,2022-06-19 00:00:00,1.4238169522301232
901,901,2022-06-20 00:00:00,14.713300847373931
902,902,2022-06-21 00:00:00,82.34483802345103
903,903,2022-06-22 00:00:00,21.994317667268778
904,904,2022-06-23 00:00:00,24.738367273447743
905,905,2022-06-24 00:00:00,6.718211280032438
906,906,2022-06-25 00:00:00,36.74171205421891
907,907,2022-06-26 00:00:00,92.7279801415763
908,908,2022-06-27 00:00:00,21.635667564061038
909,909,2022-06-28 00:00:00,44.13169260469841
910,910,2022-06-29 00:00:00,46.65667757657423
911,911,2022-06-30 00:00:00,77.03268377193007
912,912,2022-07-01 00:00:00,77.15391623077025
913,913,2022-07-02 00:00:00,12.760041374022322
914,914,2022-07-03 00:00:00,5.484845926424564
915,915,2022-07-04 00:00:00,99.42839343887324
916,916,2022-07-05 00:00:00,65.22738725847536
917,917,2022-07-06 00:00:00,45.28055740371886
918,918,2022-07-07 00:00:00,11.331698103250892
919,919,2022-07-08 00:00:00,71.77124698035823
920,920,2022-07-09 00:00:00,27.85015340337428
921,921,2022-07-10 00:00:00,31.951382013460876
922,922,2022-07-11 00:00:00,87.58708075686023
923,923,2022-07-12 00:00:00,24.666718323269954
924,924,2022-07-13 00:00:00,65.58016894691687
925,925,2022-07-14 00:00:00,7.902619871586813
926,926,2022-07-15 00:00:00,93.27364906413989
927,927,2022-07-16 00:00:00,80.76873610779457
928,928,2022-07-17 00:00:00,87.9202732904889
929,929,2022-07-18 00:00:00,37.10982608885519
930,930,2022-07-19 00:00:00,70.52414599505148
931,931,2022-07-20 00:00:00,40.62875805647735
932,932,2022-07-21 00:00:00,20.691779194486234
933,933,2022-07-22 00:00:00,93.85481755591455
934,934,2022-07-23 00:00:00,84.64401840717396
935,935,2022-07-24 00:00:00,93.6613600438866
936,936,2022-07-25 00:00:00,45.196438966341915
937,937,2022-07-26 00:00:00,91.53463447717553
938,938,2022-07-27 00:00:00,26.85450259847439
939,939,2022-07-28 00:00:00,10.884728125603786
940,940,2022-07-29 00:00:00,52.07573297495623
941,941,2022-07-30 00:00:00,2.0632363790573653
942,942,2022-07-31 00:00:00,12.78234341897881
943,943,2022-08-01 00:00:00,30.538319011542544
944,944,2022-08-02 00:00:00,85.37687572904693
945,945,2022-08-03 00:00:00,33.21530748133806
946,946,2022-08-04 00:00:00,19.545544850025678
947,947,2022-08-05 00:00:00,82.76563320204554
948,948,2022-08-06 00:00:00,74.25802424552771
949,949,2022-08-07 00:00:00,90.44974042709643
950,950,2022-08-08 00:00:00,6.8737186750425945
951,951,2022-08-09 00:00:00,27.14811192048719
952,952,2022-08-10 00:00:00,19.069872293501213
953,953,2022-08-11 00:00:00,50.154716209931436
954,954,2022-08-12 00:00:00,53.84747358606442
955,955,2022-08-13 00:00:00,91.02644530985638
956,956,2022-08-14 00:00:00,12.655691508800818
957,957,2022-08-15 00:00:00,50.14261779995441
958,958,2022-08-16 00:00:00,64.90107969621404
959,959,2022-08-17 00:00:00,75.54862424877922
960,960,2022-08-18 00:00:00,33.124672171270646
961,961,2022-08-19 00:00:00,24.495680479904042
962,962,2022-08-20 00:00:00,80.52950602539335
963,963,2022-08-21 00:00:00,59.49009597627561
964,964,2022-08-22 00:00:00,94.56249289622724
965,965,2022-08-23 00:00:00,16.630777736308247
966,966,2022-08-24 00:00:00,23.058110781378733
967,967,2022-08-25 00:00:00,37.79523831757863
968,968,2022-08-26 00:00:00,44.99523370579838
969,969,2022-08-27 00:00:00,22.518687853892793
970,970,2022-08-28 00:00:00,67.09266268525043
971,971,2022-08-29 00:00:00,56.200716757868406
972,972,2022-08-30 00:00:00,2.3684535246119482
973,973,2022-08-31 00:00:00,13.308736160653961
974,974,2022-09-01 00:00:00,75.44021685561395
975,975,2022-09-02 00:00:00,53.20757577470107
976,976,2022-09-03 00:00:00,94.0698509595613
977,977,2022-09-04 00:00:00,74.00061532197913
978,978,2022-09-05 00:00:00,94.9384534086247
979,979,2022-09-06 00:00:00,91.61813400431065
980,980,2022-09-07 00:00:00,35.17560393586893
981,981,2022-09-08 00:00:00,37.47267137913976
982,982,2022-09-09 00:00:00,87.07635660185423
983,983,2022-09-10 00:00:00,94.73998200646383
984,984,2022-09-11 00:00:00,21.029885380933564
985,985,2022-09-12 00:00:00,78.90263368485412
986,986,2022-09-13 00:00:00,11.014436240781352
987,987,2022-09-14 00:00:00,23.116891765664672
988,988,2022-09-15 00:00:00,22.295117523621155
989,989,2022-09-16 00:00:00,12.842330281615887
990,990,2022-09-17 00:00:00,94.90429699331838
991,991,2022-09-18 00:00:00,96.73703597667377
992,992,2022-09-19 00:00:00,31.432608452276135
993,993,2022-09-20 00:00:00,15.70795038261741
994,994,2022-09-21 00:00:00,75.68768779010044
995,995,2022-09-22 00:00:00,96.8185233053557
996,996,2022-09-23 00:00:00,25.074016608933334
997,997,2022-09-24 00:00:00,58.08187743886038
998,998,2022-09-25 00:00:00,40.31523035864958
999,999,2022-09-26 00:00:00,93.95770292831331
